{
	"width" : 1280,
	"height" : 720,
	"intrinsic_matrix" : 
	[
		601.71393,
		0,
		0,
		0,
		601.49011,
		0,
		636.46729, 
		366.23587,
		1
	]
}